file_path,fourier_final_prediction,fourier_confidence_score,soft_final_prediction,soft_confidence_score,binary_final_prediction,binary_confidence_score
Data/images/train/Cars207.png,8MYKOT0IH075ERTGVSRAORNE,0.8204206004738808,89MYKOGT0IH075ERTGVSRAORNE,0.7995357238329374,MYKOTDIH7F5ERGCRAR,0.7671289245287577
Data/images/train/Cars213.png,21D,0.7809494336446127,21D,0.767585555712382,321D,0.6627404242753983
Data/images/train/Cars53.png,CHI00SE,0.8861231803894043,CHI00SE,0.8857950483049665,CWI00SE,0.8478572624070304
Data/images/train/Cars47.png,S799,0.8556815087795258,S799,0.8535347580909729,,
Data/images/train/Cars90.png,,,,,,
Data/images/train/Cars159.png,DL7CGN56417,0.8599867062135176,DL47GCN5417,0.8547512021931735,DL7CGN536117,0.8344481339057287
Data/images/train/Cars84.png,WR26BC595S4,0.8524417768825184,WR26BC559S4,0.8511301929300482,MRBC55M,0.7882053766931806
Data/images/train/Cars171.png,BJR8216,0.8169072100094387,BJR8216,0.8232908759798322,BJUR1716,0.7785132527351379
Data/images/train/Cars165.png,NW21AU116513,0.8099172314008077,NW21AU116513,0.8070897360642751,KWN163153,0.6801850994427999
Data/images/train/Cars398.png,MMN306,0.9002578059832255,MMN306,0.9014839033285776,,
Data/images/train/Cars429.png,KAIS5ER,0.8312778302601406,KAISER,0.8182888925075531,KASER,0.8545073509216309
Data/images/train/Cars373.png,TN2IDC6225,0.836660647392273,TN2I1DC6225,0.8294500329277732,,
Data/images/train/Cars415.png,H12N8922,0.8195507377386093,H1N8922,0.8416005628449577,,
Data/images/train/Cars401.png,HWNR26BC554,0.8250548026778481,NWHR26BC554,0.8323669108477506,WR26MW,0.7579144934813181
Data/images/train/Cars367.png,G00GLE,0.8948637545108795,G00GLE,0.8946526845296224,G00GLE,0.8783669869105021
Data/images/train/Cars400.png,889VSM,0.803313543399175,889VSM,0.8639429807662964,,
Data/images/train/Cars366.png,,,,,,
Data/images/train/Cars372.png,HR26CE1485,0.8625571131706238,HR26CE1485,0.8609970211982727,HR26CE1485,0.8599440336227417
Data/images/train/Cars414.png,DRUK,0.7972374707460403,DRUVK,0.7934511780738831,,
Data/images/train/Cars428.png,DZI7YXR,0.8741306236812046,DZI7YXR,0.8774080957685199,DZI7YXR,0.8408510088920593
Data/images/train/Cars399.png,0X65AWD,0.8975204144205365,0X65AWD,0.8923394680023193,0X65AWD,0.8628940497125898
Data/images/train/Cars164.png,GT,0.8723346590995789,GT,0.8817534744739532,GT,0.8787826299667358
Data/images/train/Cars170.png,9,0.7989345192909241,9,0.8099768757820129,,
Data/images/train/Cars85.png,VU63GYY,0.851717335837228,VU63GYY,0.8563937970570156,U63GY1Y,0.7917270064353943
Data/images/train/Cars158.png,6CE9NTR52E9CA9,0.8048968017101288,6E9N5299,0.8567303121089935,695299,0.9050963620344797
Data/images/train/Cars91.png,304861C,0.8712144494056702,304861C,0.8641030958720616,353461GC,0.7837599590420723
Data/images/train/Cars46.png,MGHN149239,0.8728663980960846,MGHN149239,0.8723731756210327,WGHK19239,0.8372491664356656
Data/images/train/Cars52.png,MH15B0D8877,0.8625611825422808,MH15B0D8877,0.8541357896544717,MH1580887,0.8631229201952616
Data/images/train/Cars212.png,KL65H4383,0.8844361702601115,KL65H4383,0.8870704968770345,KL65H4383,0.8868120511372884
Data/images/train/Cars206.png,HWR268B00380,0.8400412946939468,HR26B00380,0.8371221482753753,WMR480,0.7433438499768575
Data/images/train/Cars238.png,AD0O0008,0.8990264534950256,AD00008,0.8994227051734924,AD000008,0.834198035299778
Data/images/train/Cars210.png,MH01AE8017,0.8803229570388794,MH01AE8017,0.8836620211601257,MH01AE8017,0.8663314402103424
Data/images/train/Cars204.png,NBYOND,0.8913475374380747,NBYOND,0.890158067146937,NBYONDO0,0.8610775470733643
Data/images/train/Cars199.png,MH01AE8017,0.8803229570388794,MH01AE8017,0.8836620211601257,MH01AE8017,0.8663314402103424
Data/images/train/Cars44.png,MD2I0AG0786,0.8317403034730391,AD2IG0AG0786,0.8149034827947617,ADU2CGAG0786,0.8481508990128835
Data/images/train/Cars50.png,PUI8BES,0.8822369405201503,PUI8BES,0.8826033813612801,PUI8BES,0.8623361502374921
Data/images/train/Cars78.png,KL54A2670,0.8761226468616061,KL54A2670,0.876967986424764,KI54A2670,0.8090222146775987
Data/images/train/Cars87.png,SLAS1,0.7897243499755859,ISLAS1,0.8184086283047994,,
Data/images/train/Cars93.png,,,,,,
Data/images/train/Cars166.png,IMACAR,0.8633396923542023,IMWACAR,0.8347134249550956,1,0.672532856464386
Data/images/train/Cars172.png,KC09,0.8496284037828445,KC09,0.8456347435712814,C09,0.8784753878911337
Data/images/train/Cars358.png,PZ762FDX,0.8668572306632996,PZ62FDX,0.882065440927233,P762UX,0.7597757776578268
Data/images/train/Cars364.png,DL30BD56082,0.8530339273539457,DL308D5082,0.8579367578029633,30B082,0.7363685965538025
Data/images/train/Cars402.png,11,0.6589238345623016,1U,0.7572505474090576,,
Data/images/train/Cars416.png,172TNMU,0.828084511416299,172TNMU,0.8266436883381435,172TMU,0.7937184373537699
Data/images/train/Cars370.png,CH01AN0001,0.8821597397327423,CH01AN0001,0.8822011530399323,CHWM01AN0001,0.8439061790704727
Data/images/train/Cars417.png,BAD231,0.8934888044993082,BAD231,0.8929100831349691,BAD231,0.8823624948660532
Data/images/train/Cars371.png,,,,,,
Data/images/train/Cars365.png,TN21BZ0768,0.8694536507129669,TN21BZ0768,0.870956939458847,N182Z0768,0.7822420729531182
Data/images/train/Cars403.png,067R4,0.7209028124809265,067R,0.7554486244916916,L,0.792089581489563
Data/images/train/Cars359.png,R2Q4L,0.7425986766815186,R324L,0.7030068516731263,WW,0.7255805730819702
Data/images/train/Cars173.png,WMWY9051,0.8720849677920341,WMVWY9051,0.8697579105695089,WWTY90561,0.8057584895028008
Data/images/train/Cars167.png,15LK10898,0.8862825300958421,15LK10898,0.8860159516334534,15LK10898,0.8767301903830634
Data/images/train/Cars92.png,AD0O0008,0.8990264534950256,AD00008,0.8994227051734924,AD000008,0.834198035299778
Data/images/train/Cars86.png,MH140X9937,0.8672123074531555,MH140X9937,0.8669519066810608,H140X989371,0.7929232283072039
Data/images/train/Cars79.png,4GET0IL,0.8801016722406659,4GET0IL,0.8866829190935407,4GE0IL,0.7977611025174459
Data/images/train/Cars51.png,YES80SS,0.8828410421098981,YES8B0SS,0.8729818910360336,,
Data/images/train/Cars45.png,IMGRO0T,0.8945398330688477,IMGROOT,0.8961478556905474,TMKGCR,0.769578218460083
Data/images/train/Cars198.png,MH01AV8866,0.8684522628784179,MH01AV8866,0.867549580335617,MN01AVY8866,0.8508262146602977
Data/images/train/Cars205.png,A,0.645317554473877,A0Q,0.6907819112141927,,
Data/images/train/Cars211.png,DFUBA65022,0.8678747773170471,DFUBA65022,0.8610635459423065,DFUBA65022,0.8418899714946747
Data/images/train/Cars239.png,15LK10898,0.8862825300958421,15LK10898,0.8860159516334534,15LK10898,0.8767301903830634
Data/images/train/Cars215.png,T7N70656,0.8829675391316414,T7N70656,0.8813742473721504,T7N70665,0.817324198782444
Data/images/train/Cars201.png,LR33TEE,0.8638612372534615,LR33TEE,0.8681655441011701,LR33TEE,0.8776788711547852
Data/images/train/Cars229.png,0,0.6553360223770142,,,,
Data/images/train/Cars69.png,SKVID,0.8134640693664551,SKVID,0.8095788836479187,,
Data/images/train/Cars41.png,YNTZ0BG,0.8709132245608738,YNTZ0DBG,0.8444493561983109,WY1Z0BG,0.7582676410675049
Data/images/train/Cars55.png,,,,,,
Data/images/train/Cars188.png,,,,,,
Data/images/train/Cars163.png,LR33TEE,0.8638612372534615,LR33TEE,0.8681655441011701,LR33TEE,0.8776788711547852
Data/images/train/Cars177.png,G00OD,0.8918858885765075,G0O0D,0.8910725951194763,G00D0,0.868875253200531
Data/images/train/Cars82.png,,,,,,
Data/images/train/Cars96.png,PGMN112,0.8750174641609192,PGMN112,0.87617598261152,PGMN112,0.8602407063756671
Data/images/train/Cars407.png,,,I,0.6360574960708618,,
Data/images/train/Cars361.png,MPEACHW,0.9096515008381435,MPEACHW,0.909914995942797,MPEAC,0.8813262820243836
Data/images/train/Cars375.png,4D0,0.6824414134025574,D,0.635320782661438,,
Data/images/train/Cars413.png,8544,0.8404648751020432,8544,0.8473028838634491,,
Data/images/train/Cars349.png,PY56BXU,0.8643772176333836,PY56BXU,0.8633178302219936,,
Data/images/train/Cars348.png,EARB0001,0.87566127628088,EABR0001,0.8751986846327782,EJB0001,0.8746474470411029
Data/images/train/Cars374.png,S7JDW,0.8573951601982117,S7JDW,0.858805251121521,S7JDW,0.8455941796302795
Data/images/train/Cars412.png,LR33TEE,0.8638612372534615,LR33TEE,0.8681655441011701,LR33TEE,0.8776788711547852
Data/images/train/Cars406.png,1268,0.8708699196577072,1268,0.8736313879489899,,
Data/images/train/Cars360.png,DX103,0.8584725975990295,DX103,0.8589370727539063,3,0.7683292627334595
Data/images/train/Cars97.png,KA05MG1909,0.892486709356308,KA05MG1909,0.891908198595047,KA05MG1909,0.8872510850429535
Data/images/train/Cars83.png,00,0.6741204857826233,A0001,0.7317592382431031,,
Data/images/train/Cars176.png,EV09FTW,0.8944535851478577,EV09FTW,0.8984842726162502,FV09FTW,0.8972964116505214
Data/images/train/Cars162.png,,,,,,
Data/images/train/Cars189.png,CH01AN0001,0.8821597397327423,CH01AN0001,0.8822011530399323,CHWM01AN0001,0.8439061790704727
Data/images/train/Cars54.png,LTM378,0.900816798210144,LTM378,0.8971364001433054,,
Data/images/train/Cars40.png,FV1721302,0.8485309481620789,FV172302,0.839438758790493,EF,0.7819437384605408
Data/images/train/Cars68.png,BJR8216,0.8169072100094387,BJR8216,0.8232908759798322,BJUR1716,0.7785132527351379
Data/images/train/Cars228.png,1,0.6231864094734192,M,0.7295777201652527,,
Data/images/train/Cars200.png,,,,,,
Data/images/train/Cars214.png,,,,,,
Data/images/train/Cars202.png,KVNID,0.7865391135215759,KVNID,0.7901676774024964,KD,0.828181266784668
Data/images/train/Cars216.png,OPECLOL,0.876694815499442,OPECLOL,0.8793512071881976,OPECL0L,0.866570268358503
Data/images/train/Cars56.png,B055,0.892030343413353,B055,0.8951917588710785,B055,0.7548309713602066
Data/images/train/Cars42.png,BYHM136,0.8828864012445722,BYHM136,0.8827408637319293,F3,0.7455292046070099
Data/images/train/Cars174.png,,,,,,
Data/images/train/Cars160.png,0IPLATEC0OWM,0.819494883219401,00IPLATIEC0M,0.831180676817894,U0OAUC0W,0.7650533318519592
Data/images/train/Cars95.png,AD0O0008,0.8990264534950256,AD00008,0.8994227051734924,AD000008,0.834198035299778
Data/images/train/Cars148.png,,,,,,
Data/images/train/Cars81.png,,,,,,
Data/images/train/Cars389.png,AB44887,0.8903145108904157,AB44887,0.8914133906364441,AB44887,0.8756282414708819
Data/images/train/Cars410.png,EWVIWRGIPNI0AO0P,0.8659946136176586,EWVIWRGPNI0A0OP,0.8330372174580892,EWWRP0A0P,0.8325860102971395
Data/images/train/Cars376.png,B2228HM,0.8924892374447414,B2228HM,0.8927616562162127,B2228HMN,0.832455150783062
Data/images/train/Cars362.png,,,,,,
Data/images/train/Cars404.png,BMW,0.9041033188501993,BMW,0.9025887250900269,,
Data/images/train/Cars363.png,WIW123,0.8188426593939463,WIW123,0.8251278897126516,3,0.7442646026611328
Data/images/train/Cars405.png,MMC0B,0.692766797542572,MIACS08B,0.676686555147171,WMI4M,0.7179602026939392
Data/images/train/Cars411.png,VIPER,0.9024474740028381,VIPER,0.9014470696449279,VIPER,0.9005208969116211
Data/images/train/Cars377.png,BYHM136,0.8828864012445722,BYHM136,0.8827408637319293,F3,0.7455292046070099
Data/images/train/Cars388.png,,,,,,
Data/images/train/Cars80.png,BAD231,0.8934888044993082,BAD231,0.8929100831349691,BAD231,0.8823624948660532
Data/images/train/Cars149.png,7VIG263,0.8378262434686933,7VIG263,0.8436332174709865,,
Data/images/train/Cars94.png,NBEYOND,0.8947519659996033,NBEYOND,0.8943388291767665,NBREY0ND,0.8519994914531708
Data/images/train/Cars161.png,M666YOB,0.8869160498891558,M666YOB,0.8871230057307652,M666YO8,0.8843095047133309
Data/images/train/Cars175.png,,,8,0.7976847887039185,,
Data/images/train/Cars43.png,,,,,,
Data/images/train/Cars57.png,BKWL324,0.882480766092028,BKWL324,0.886275087084089,8KWHL324,0.8512968569993973
Data/images/train/Cars217.png,AFR20,0.8236541509628296,AFR20,0.797381067276001,A0,0.6666224300861359
Data/images/train/Cars203.png,CZ7KO00,0.8184420721871513,CZ7KO00,0.8147676246506828,CZ7K00,0.8105613986651102
Data/images/train/Cars258.png,,,,,,
Data/images/train/Cars264.png,FADMU2010,0.8610135912895203,FADMNU2010,0.8568284928798675,FPNARNUD2010,0.8346648017565409
Data/images/train/Cars270.png,0182,0.820708230137825,01829,0.7968048095703125,,
Data/images/train/Cars30.png,8,0.7928164601325989,8,0.7646189332008362,WM,0.7429297864437103
Data/images/train/Cars24.png,WR26BC595S4,0.8524417768825184,WR26BC559S4,0.8511301929300482,MRBC55M,0.7882053766931806
Data/images/train/Cars18.png,M666YOB,0.8869160498891558,M666YOB,0.8871230057307652,M666YO8,0.8843095047133309
Data/images/train/Cars112.png,SHAKNBK,0.8917443241391864,SHAKNBK,0.8958323683057513,,
Data/images/train/Cars106.png,,,,,,
Data/images/train/Cars3.png,DZI7YXR,0.8741306236812046,DZI7YXR,0.8774080957685199,DZI7YXR,0.8408510088920593
Data/images/train/Cars338.png,,,,,,
Data/images/train/Cars310.png,4GET0IL,0.8801016722406659,4GET0IL,0.8866829190935407,4GE0IL,0.7977611025174459
Data/images/train/Cars304.png,HNYCHIL3,0.8975488245487213,HNYCHIL3,0.8851098045706749,WNYVCWH1II,0.7736189901828766
Data/images/train/Cars305.png,11,0.6589238345623016,1U,0.7572505474090576,,
Data/images/train/Cars311.png,TW2I1AT89,0.8095506230990092,TWN2IAT8890,0.7930508852005005,1,0.6718302369117737
Data/images/train/Cars339.png,0IPLATEC0OWM,0.819494883219401,00IPLATIEC0M,0.831180676817894,U0OAUC0W,0.7650533318519592
Data/images/train/Cars2.png,PRENLP,0.8458134233951569,PREANLP,0.7898445214544024,,
Data/images/train/Cars107.png,,,,,,
Data/images/train/Cars113.png,MPEACHW,0.9096515008381435,MPEACHW,0.909914995942797,MPEAC,0.8813262820243836
Data/images/train/Cars19.png,AFR20,0.8236541509628296,AFR20,0.797381067276001,A0,0.6666224300861359
Data/images/train/Cars25.png,BYHM136,0.8828864012445722,BYHM136,0.8827408637319293,F3,0.7455292046070099
Data/images/train/Cars31.png,YD63LB,0.8811985452969869,YD63LB,0.8807748556137085,,
Data/images/train/Cars271.png,YES80SS,0.8828410421098981,YES8B0SS,0.8729818910360336,,
Data/images/train/Cars265.png,M771276,0.8493303145681109,M771276,0.8460224441119603,M771276,0.8444498862539019
Data/images/train/Cars259.png,MH20EE7598,0.8975063920021057,MH20EE7598,0.8977553069591522,MH20EE7598,0.8895228922367096
Data/images/train/Cars298.png,,,,,,
Data/images/train/Cars273.png,BRT000,0.8417020440101624,BRT000,0.8554936548074087,BRIT000,0.8282436387879508
Data/images/train/Cars267.png,DQO7222,0.8021908061844962,Q0O7222,0.8026305947984967,,
Data/images/train/Cars27.png,DZI7YXR,0.8741306236812046,DZI7YXR,0.8774080957685199,DZI7YXR,0.8408510088920593
Data/images/train/Cars33.png,0X65AWD,0.8975204144205365,0X65AWD,0.8923394680023193,0X65AWD,0.8628940497125898
Data/images/train/Cars139.png,0,0.7312790751457214,,,M,0.6024839282035828
Data/images/train/Cars105.png,8,0.7928164601325989,8,0.7646189332008362,WM,0.7429297864437103
Data/images/train/Cars0.png,KL01CA2555,0.8516904592514039,K01CA2555,0.8741338054339091,KMU1GA2555,0.8244649410247803
Data/images/train/Cars111.png,MH20EE7598,0.8975063920021057,MH20EE7598,0.8977553069591522,MH20EE7598,0.8895228922367096
Data/images/train/Cars307.png,M906090K,0.8953752964735031,M906090K,0.8938586562871933,M906090K,0.8849830403923988
Data/images/train/Cars313.png,NBEYOND,0.8947519659996033,NBEYOND,0.8943388291767665,NBREY0ND,0.8519994914531708
Data/images/train/Cars312.png,PUI8BES,0.8822369405201503,PUI8BES,0.8826033813612801,PUI8BES,0.8623361502374921
Data/images/train/Cars306.png,LAWYER,0.8846001426378886,LAWYER,0.8857273459434509,ALAWYER,0.8681359801973615
Data/images/train/Cars110.png,F,0.8562450408935547,F1,0.7405296266078949,F,0.6801028251647949
Data/images/train/Cars1.png,PGMN112,0.8750174641609192,PGMN112,0.87617598261152,PGMN112,0.8602407063756671
Data/images/train/Cars104.png,NL60LXB,0.8846419368471418,NL60LXB,0.8703479426247733,NL60LXB,0.8339851243155343
Data/images/train/Cars138.png,9,0.8890933990478516,9,0.8930429220199585,,
Data/images/train/Cars32.png,MANISA,0.877228707075119,MANISA,0.874214788277944,MAN,0.7330804467201233
Data/images/train/Cars26.png,FV1721302,0.8485309481620789,FV172302,0.839438758790493,EF,0.7819437384605408
Data/images/train/Cars266.png,T7N70656,0.8829675391316414,T7N70656,0.8813742473721504,T7N70665,0.817324198782444
Data/images/train/Cars272.png,RX6IGDU,0.873811628137316,RX6IGDU,0.8732777578490121,RX6IGD0U,0.8664995953440666
Data/images/train/Cars299.png,A,0.6706936359405518,A,0.7020200490951538,A,0.6198753714561462
Data/images/train/Cars289.png,,,,,,
Data/images/train/Cars276.png,CZ7KO00,0.8184420721871513,CZ7KO00,0.8147676246506828,CZ7K00,0.8105613986651102
Data/images/train/Cars262.png,1CYAN8VY,0.8176701739430428,1CYAN8Y,0.8097766552652631,1,0.6009538173675537
Data/images/train/Cars22.png,YNMRKA,0.8296351035435995,YNMRKA,0.8259744346141815,MM,0.6907127201557159
Data/images/train/Cars36.png,MIDLYPH,0.8953527637890407,MIDLYPH,0.892464816570282,,
Data/images/train/Cars100.png,MSS0,0.8313641250133514,WAMSS0,0.7909767627716064,,
Data/images/train/Cars5.png,,,,,,
Data/images/train/Cars114.png,HP2BP,0.7725375056266784,HP2BP,0.7947051644325256,AHRP29B5P,0.8337628775172763
Data/images/train/Cars128.png,0X65AWD,0.8975204144205365,0X65AWD,0.8923394680023193,0X65AWD,0.8628940497125898
Data/images/train/Cars302.png,KL01CC50,0.8974194079637527,KL01CC50,0.8981419205665588,KL01CC50,0.876027449965477
Data/images/train/Cars316.png,,,,,,
Data/images/train/Cars317.png,WR26BC595S4,0.8524417768825184,WR26BC559S4,0.8511301929300482,MRBC55M,0.7882053766931806
Data/images/train/Cars303.png,KL54A2670,0.8761226468616061,KL54A2670,0.876967986424764,KI54A2670,0.8090222146775987
Data/images/train/Cars129.png,OPECLOL,0.876694815499442,OPECLOL,0.8793512071881976,OPECL0L,0.866570268358503
Data/images/train/Cars115.png,M666YOB,0.8869160498891558,M666YOB,0.8871230057307652,M666YO8,0.8843095047133309
Data/images/train/Cars4.png,PUI8BES,0.8822369405201503,PUI8BES,0.8826033813612801,PUI8BES,0.8623361502374921
Data/images/train/Cars101.png,WR26BC595S4,0.8524417768825184,WR26BC559S4,0.8511301929300482,MRBC55M,0.7882053766931806
Data/images/train/Cars37.png,FAST,0.888501912355423,FAST,0.8823352009057999,FAST,0.8800987154245377
Data/images/train/Cars23.png,,,,,,
Data/images/train/Cars263.png,,,,,,
Data/images/train/Cars277.png,,,,,,
Data/images/train/Cars288.png,WAAIMAN,0.7877631783485413,AWAIMAN,0.7756578751972744,IWAA,0.7215022295713425
Data/images/train/Cars261.png,TS08ER1643,0.893696540594101,TS08ER1643,0.8955172896385193,TS08ER16431,0.8657158396460793
Data/images/train/Cars275.png,WAAIMAN,0.7877631783485413,AWAIMAN,0.7756578751972744,IWAA,0.7215022295713425
Data/images/train/Cars249.png,KAN00862,0.8030509427189827,KAN0062,0.8161627650260925,KWNM0,0.7392075181007385
Data/images/train/Cars35.png,,,,,W,0.6407595872879028
Data/images/train/Cars21.png,1R0,0.8884927034378052,1R0,0.8863657315572103,,
Data/images/train/Cars117.png,,,4,0.6117521524429321,,
Data/images/train/Cars103.png,,,,,,
Data/images/train/Cars6.png,WMN8VI0RG2NI1A1N,0.7774480655789375,MWNN8VI0RG2INI1A1N,0.8250824080573188,8VI0RG2NI1A1N,0.8283917399553152
Data/images/train/Cars315.png,J98257,0.853045771519343,J98257,0.8509512344996134,J98257,0.8619617720444998
Data/images/train/Cars301.png,G526JHD,0.8855171544211251,G526JHD,0.8859581351280212,G526JWHD,0.8709631264209747
Data/images/train/Cars329.png,16M,0.8850948810577393,16M,0.8825818498929342,,
Data/images/train/Cars328.png,,,,,,
Data/images/train/Cars300.png,FV1721302,0.8485309481620789,FV172302,0.839438758790493,EF,0.7819437384605408
Data/images/train/Cars314.png,6PIV728,0.8882726941789899,6PIV728,0.8884654130254473,6PIV728,0.8680579492024013
Data/images/train/Cars7.png,,,,,,
Data/images/train/Cars102.png,686136,0.8289762338002523,6861136,0.787632976259504,686136,0.8124660551548004
Data/images/train/Cars116.png,MW2P,0.7524090856313705,M42,0.7721991539001465,WK,0.6687252223491669
Data/images/train/Cars20.png,,,9,0.6246675848960876,,
Data/images/train/Cars34.png,DL7CGN56417,0.8599867062135176,DL47GCN5417,0.8547512021931735,DL7CGN536117,0.8344481339057287
Data/images/train/Cars248.png,MHH12DE1433,0.8610604676333341,MHH12DE1433,0.8618260025978088,MH120E1433,0.867637425661087
Data/images/train/Cars274.png,MANISA,0.877228707075119,MANISA,0.874214788277944,MAN,0.7330804467201233
Data/images/train/Cars260.png,,,,,,
Data/images/train/Cars286.png,MIDLYPH,0.8953527637890407,MIDLYPH,0.892464816570282,,
Data/images/train/Cars292.png,,,,,W,0.6407595872879028
Data/images/train/Cars279.png,MMN306,0.9002578059832255,MMN306,0.9014839033285776,,
Data/images/train/Cars245.png,HR26BR9044,0.8820834457874298,HR26BR9044,0.88205486536026,,
Data/images/train/Cars251.png,M982FKL,0.8599438922745841,M982FKL,0.8535705293927874,,
Data/images/train/Cars11.png,W0R5I6K,0.867914080619812,W0R5I6K,0.8675983718463353,W0R56K,0.869731197754542
Data/images/train/Cars39.png,MH15B0D8877,0.8625611825422808,MH15B0D8877,0.8541357896544717,MH1580887,0.8631229201952616
Data/images/train/Cars133.png,1268,0.8708699196577072,1268,0.8736313879489899,,
Data/images/train/Cars127.png,S0,0.8923121094703674,S0,0.8771069049835205,0,0.6487472653388977
Data/images/train/Cars319.png,FALLYO0U,0.8803064376115799,FALLY0OU,0.8852018490433693,FALULY00,0.8398749306797981
Data/images/train/Cars331.png,WR20C81,0.8007706999778748,WR20C081,0.8031010329723358,,
Data/images/train/Cars325.png,W,0.6254643201828003,,,,
Data/images/train/Cars324.png,VI2LAF,0.8392857909202576,VI2LAF,0.8302761018276215,V2LAF,0.8504129409790039
Data/images/train/Cars330.png,V876B,0.7509806752204895,V87B6,0.7788147330284119,,
Data/images/train/Cars318.png,ALR486,0.8670867482821146,ALR486,0.8658546308676401,ALR486,0.8591011861960093
Data/images/train/Cars126.png,KA05MG1909,0.892486709356308,KA05MG1909,0.891908198595047,KA05MG1909,0.8872510850429535
Data/images/train/Cars132.png,MMNN,0.7070867419242859,MN,0.647048145532608,,
Data/images/train/Cars38.png,0MGBCKY,0.8701862437384469,0MGBCKY,0.877349989754813,0MG9CKY,0.8660893525396075
Data/images/train/Cars10.png,2TNT737656,0.8376508235931397,2TTN7376C56,0.8112702640620145,,
Data/images/train/Cars250.png,PGMN112,0.8750174641609192,PGMN112,0.87617598261152,PGMN112,0.8602407063756671
Data/images/train/Cars244.png,2180127,0.833655766078404,2180127,0.830002350466592,2180127,0.8131353684834072
Data/images/train/Cars278.png,,,,,,
Data/images/train/Cars293.png,GBI8TCE,0.8677132555416652,GBI8TCE,0.8645918454442706,GB8TCE,0.8673954705397288
Data/images/train/Cars287.png,DL7CGN56417,0.8599867062135176,DL47GCN5417,0.8547512021931735,DL7CGN536117,0.8344481339057287
Data/images/train/Cars291.png,,,,,,
Data/images/train/Cars285.png,HR26BR9044,0.8820834457874298,HR26BR9044,0.88205486536026,,
Data/images/train/Cars252.png,DAN54P,0.880914161602656,DAN54P,0.8810320397218069,DAN54P,0.8700721462567648
Data/images/train/Cars246.png,TSTC268,0.7787419813019889,TSTC2868,0.7037645280361176,,
Data/images/train/Cars12.png,MH128BG7237,0.8618181022730741,MH12B8G7237,0.8587440252304077,,
Data/images/train/Cars118.png,JA62UAR,0.8698746732303074,JA62UAR,0.8767884288515363,JA62UAR,0.8660473908696856
Data/images/train/Cars9.png,MH01AV8866,0.8684522628784179,MH01AV8866,0.867549580335617,MN01AVY8866,0.8508262146602977
Data/images/train/Cars124.png,,,O,0.6112301349639893,,
Data/images/train/Cars130.png,HR26BR9044,0.8820834457874298,HR26BR9044,0.88205486536026,,
Data/images/train/Cars326.png,DL8CX4850,0.8806908925374349,DL8CX4850,0.8788176708751254,L8CX4850,0.861038975417614
Data/images/train/Cars332.png,DZI7YXR,0.8741306236812046,DZI7YXR,0.8774080957685199,DZI7YXR,0.8408510088920593
Data/images/train/Cars333.png,MH290EJ0364,0.8671235929835927,MH290EJ0364,0.8928594372489236,MWN290EJ0364,0.873670349518458
Data/images/train/Cars327.png,PGMN112,0.8750174641609192,PGMN112,0.87617598261152,PGMN112,0.8602407063756671
Data/images/train/Cars131.png,HP2BP,0.7725375056266784,HP2BP,0.7947051644325256,AHRP29B5P,0.8337628775172763
Data/images/train/Cars125.png,66R8P87,0.8871419685227531,66R8P87,0.8867558070591518,66R887,0.8387223283449808
Data/images/train/Cars8.png,G526JHD,0.8855171544211251,G526JHD,0.8859581351280212,G526JWHD,0.8709631264209747
Data/images/train/Cars119.png,,,,,,
Data/images/train/Cars13.png,BJR8216,0.8169072100094387,BJR8216,0.8232908759798322,BJUR1716,0.7785132527351379
Data/images/train/Cars247.png,2TNT737656,0.8376508235931397,2TTN7376C56,0.8112702640620145,,
Data/images/train/Cars253.png,,,,,,
Data/images/train/Cars284.png,,,,,,
Data/images/train/Cars290.png,1,0.6181288957595825,189,0.7347221771876017,,
Data/images/train/Cars294.png,,,,,,
Data/images/train/Cars280.png,MW,0.7104508578777313,MW,0.7553885281085968,,
Data/images/train/Cars257.png,OKLA,0.8622332364320755,OKLA,0.8644275814294815,0KLA,0.7559795081615448
Data/images/train/Cars243.png,A13NG7184,0.7970541252030267,KAINVG7184,0.7949271857738495,AINWG71184,0.7829443633556366
Data/images/train/Cars17.png,YX,0.6776513457298279,YX,0.6459744572639465,,
Data/images/train/Cars121.png,U,0.6366068124771118,W,0.6448942422866821,,
Data/images/train/Cars135.png,FV1721302,0.8485309481620789,FV172302,0.839438758790493,EF,0.7819437384605408
Data/images/train/Cars109.png,CZ7KO00,0.8184420721871513,CZ7KO00,0.8147676246506828,CZ7K00,0.8105613986651102
Data/images/train/Cars323.png,TN99F2378,0.8953198724322848,TN99F2378,0.8954281409581503,TV9S23578,0.8049704829851786
Data/images/train/Cars337.png,,,,,,
Data/images/train/Cars336.png,DL8CX4850,0.8806908925374349,DL8CX4850,0.8788176708751254,L8CX4850,0.861038975417614
Data/images/train/Cars322.png,700V,0.8846711069345474,700V,0.88584104180336,700Y,0.8005174696445465
Data/images/train/Cars108.png,MH01AV8866,0.8684522628784179,MH01AV8866,0.867549580335617,MN01AVY8866,0.8508262146602977
Data/images/train/Cars134.png,U9TLC,0.8401926994323731,LU9TLC,0.8168060978253683,U9YLC,0.832062017917633
Data/images/train/Cars120.png,B2228HM,0.8924892374447414,B2228HM,0.8927616562162127,B2228HMN,0.832455150783062
Data/images/train/Cars16.png,,,,,,
Data/images/train/Cars242.png,PRENLP,0.8458134233951569,PREANLP,0.7898445214544024,,
Data/images/train/Cars256.png,YD63LB,0.8811985452969869,YD63LB,0.8807748556137085,,
Data/images/train/Cars281.png,,,,,,
Data/images/train/Cars295.png,8544,0.8642463982105255,8544,0.8624158948659897,,
Data/images/train/Cars283.png,,,,,,
Data/images/train/Cars297.png,,,,,,
Data/images/train/Cars240.png,,,,,,
Data/images/train/Cars254.png,G0T2P00,0.8812285917145866,G0T2P00,0.8776447687830243,GD0T2P00,0.8793864101171494
Data/images/train/Cars268.png,,,,,,
Data/images/train/Cars28.png,AP1AW091,0.7728442996740341,AAW091,0.8018744985262553,,
Data/images/train/Cars14.png,ALR486,0.8670867482821146,ALR486,0.8658546308676401,ALR486,0.8591011861960093
Data/images/train/Cars136.png,U15474,0.8138648370901743,U15474,0.8125516772270203,644,0.7392168442408243
Data/images/train/Cars122.png,MANISA,0.877228707075119,MANISA,0.874214788277944,MAN,0.7330804467201233
Data/images/train/Cars334.png,E680LA,0.8335138261318207,E680LUA,0.8015365259987968,BB0LA,0.7208897352218628
Data/images/train/Cars320.png,,,,,,
Data/images/train/Cars308.png,HWNR26BC554,0.8250548026778481,NWHR26BC554,0.8323669108477506,WR26MW,0.7579144934813181
Data/images/train/Cars309.png,EARB0001,0.87566127628088,EABR0001,0.8751986846327782,EJB0001,0.8746474470411029
Data/images/train/Cars321.png,OL0L,0.7410278618335724,OQL0,0.7305952608585358,,
Data/images/train/Cars335.png,A,0.645317554473877,A0Q,0.6907819112141927,,
Data/images/train/Cars123.png,HWNR26BC554,0.8250548026778481,NWHR26BC554,0.8323669108477506,WR26MW,0.7579144934813181
Data/images/train/Cars137.png,,,,,,
Data/images/train/Cars15.png,TW218Y0166,0.8427723050117493,TW218Y0166,0.8473628222942352,,
Data/images/train/Cars29.png,,,,,,
Data/images/train/Cars269.png,VS131,0.8019763350486755,VS31,0.7852738350629807,,
Data/images/train/Cars255.png,MH290EJ0364,0.8671235929835927,MH290EJ0364,0.8928594372489236,MWN290EJ0364,0.873670349518458
Data/images/train/Cars241.png,3SAM123,0.8549802218164716,3SANM123,0.8270788118243217,3SAM1423,0.767347551882267
Data/images/train/Cars296.png,145,0.864701509475708,145,0.8717463215192159,5,0.6874709129333496
Data/images/train/Cars282.png,686136,0.8289762338002523,6861136,0.787632976259504,686136,0.8124660551548004
Data/images/train/Cars226.png,TN198S4523,0.8627127826213836,TN198S4523,0.8650673031806946,MS4,0.7123611172040304
Data/images/train/Cars232.png,D13,0.8547385931015015,D13,0.8552295764287313,13,0.8514219522476196
Data/images/train/Cars72.png,DL7CGN56417,0.8599867062135176,DL47GCN5417,0.8547512021931735,DL7CGN536117,0.8344481339057287
Data/images/train/Cars66.png,,,,,,
Data/images/train/Cars193.png,889VSM,0.803313543399175,889VSM,0.8639429807662964,,
Data/images/train/Cars187.png,ALR486,0.8670867482821146,ALR486,0.8658546308676401,ALR486,0.8591011861960093
Data/images/train/Cars178.png,522922Z,0.8609807406152997,52292Z2,0.8615018384797233,5,0.727154016494751
Data/images/train/Cars150.png,DL8CX4850,0.8806908925374349,DL8CX4850,0.8788176708751254,L8CX4850,0.861038975417614
Data/images/train/Cars144.png,,,,,,
Data/images/train/Cars99.png,,,,,,
Data/images/train/Cars391.png,BKWL324,0.882480766092028,BKWL324,0.886275087084089,8KWHL324,0.8512968569993973
Data/images/train/Cars385.png,EV09FTW,0.8944535851478577,EV09FTW,0.8984842726162502,FV09FTW,0.8972964116505214
Data/images/train/Cars408.png,,,,,HAA,0.6685485045115153
Data/images/train/Cars352.png,,,,,,
Data/images/train/Cars420.png,SKIPGAS,0.8520766581807818,SKIPGAS,0.8404457654271807,SAIPGA,0.839434802532196
Data/images/train/Cars346.png,,,,,,
Data/images/train/Cars421.png,K,0.6436547040939331,W,0.6583251953125,,
Data/images/train/Cars347.png,,,,,,
Data/images/train/Cars353.png,,,,,,
Data/images/train/Cars409.png,YRK977AF,0.8085317760705948,RK977AF,0.8360133511679513,RK977AF,0.8076803003038678
Data/images/train/Cars384.png,DX103,0.8801427245140075,DX103,0.8803539156913758,,
Data/images/train/Cars390.png,S799,0.8556815087795258,S799,0.8535347580909729,,
Data/images/train/Cars98.png,YWORRY,0.8985642691453298,VYWORRY,0.8800660116331918,YWO0RRY,0.8778603843280247
Data/images/train/Cars145.png,CH01AN0001,0.8821597397327423,CH01AN0001,0.8822011530399323,CHWM01AN0001,0.8439061790704727
Data/images/train/Cars151.png,DL30BD56082,0.8530339273539457,DL308D5082,0.8579367578029633,30B082,0.7363685965538025
Data/images/train/Cars179.png,4SZW590,0.8905412214142936,4SZW590,0.8893746903964451,4SZW590,0.8611759202820914
Data/images/train/Cars186.png,26SPF4,0.8425568441549937,26SP4,0.8570278406143188,P,0.7132450938224792
Data/images/train/Cars192.png,E4GLE,0.8754008650779724,E4GLE,0.8745542645454407,E4GLE,0.8525803804397583
Data/images/train/Cars67.png,MH14BN7077,0.8284016907215118,MH14BN7077,0.8283676266670227,M148N87,0.746686509677342
Data/images/train/Cars73.png,TN99F2378,0.8953198724322848,TN99F2378,0.8954281409581503,TV9S23578,0.8049704829851786
Data/images/train/Cars233.png,,,,,,
Data/images/train/Cars227.png,M0,0.8176683187484741,M00,0.8116859396298727,,
Data/images/train/Cars219.png,A03NG72184,0.7915765821933747,KA1I3NG7Z2184,0.7706388189242437,AI3NGZ21184,0.7836103330958973
Data/images/train/Cars231.png,GBI8TCE,0.8677132555416652,GBI8TCE,0.8645918454442706,GB8TCE,0.8673954705397288
Data/images/train/Cars225.png,JA62UAR,0.8698746732303074,JA62UAR,0.8767884288515363,JA62UAR,0.8660473908696856
Data/images/train/Cars65.png,ORINNIE,0.8917520386832101,ORINNIE,0.8920875191688538,0RINNIE,0.8314858675003052
Data/images/train/Cars71.png,V0G,0.7504249612490336,,,,
Data/images/train/Cars184.png,4,0.6382715702056885,,,M,0.6316088438034058
Data/images/train/Cars59.png,MW4AR6,0.7596544822057089,MHW46R81S67,0.7298542694611982,MW,0.6766218543052673
Data/images/train/Cars190.png,KL54A2670,0.8761226468616061,KL54A2670,0.876967986424764,KI54A2670,0.8090222146775987
Data/images/train/Cars147.png,KL01CA2555,0.8516904592514039,K01CA2555,0.8741338054339091,KMU1GA2555,0.8244649410247803
Data/images/train/Cars153.png,,,,,,
Data/images/train/Cars386.png,AB44887,0.8903145108904157,AB44887,0.8914133906364441,AB44887,0.8756282414708819
Data/images/train/Cars392.png,DZVG49,0.8913126389185587,DZVG49,0.8949163953463236,,
Data/images/train/Cars379.png,MGHN149239,0.8728663980960846,MGHN149239,0.8723731756210327,WGHK19239,0.8372491664356656
Data/images/train/Cars345.png,,,,,,
Data/images/train/Cars423.png,P3RVP,0.8907702922821045,P3RVP,0.886267077922821,P3RVP,0.874049186706543
Data/images/train/Cars351.png,CB7R605,0.8882058092526027,CB7R605,0.8885393738746643,CB7R605,0.8844727618353707
Data/images/train/Cars350.png,B10612,0.7779056628545126,BA10612,0.7753266436713082,,
Data/images/train/Cars344.png,G00GLE,0.8948637545108795,G00GLE,0.8946526845296224,G00GLE,0.8783669869105021
Data/images/train/Cars422.png,,,,,,
Data/images/train/Cars378.png,949,0.6943108042081197,99,0.707094669342041,,
Data/images/train/Cars393.png,M771276,0.8493303145681109,M771276,0.8460224441119603,M771276,0.8444498862539019
Data/images/train/Cars387.png,HR286AZ63927,0.8421692252159119,HR28AZ630927,0.8394208004077276,MR26AZ59921,0.8019058270887895
Data/images/train/Cars152.png,DI49AK49,0.8683975785970688,DI49AK49,0.8656951859593391,0DI49AK494,0.7914275884628296
Data/images/train/Cars146.png,,,,,,
Data/images/train/Cars191.png,,,,,,
Data/images/train/Cars58.png,,,,,,
Data/images/train/Cars185.png,,,,,,
Data/images/train/Cars70.png,A1,0.6781333386898041,,,,
Data/images/train/Cars64.png,TAX,0.8842610518137614,TAXI,0.8355570584535599,TAX,0.8788002332051595
Data/images/train/Cars224.png,X08AU777,0.8261870592832565,0B8AU777,0.8243069872260094,U,0.6064013838768005
Data/images/train/Cars230.png,LR33TEE,0.8638612372534615,LR33TEE,0.8681655441011701,LR33TEE,0.8776788711547852
Data/images/train/Cars218.png,2525,0.874103233218193,2525,0.8737186640501022,F575,0.6653763502836227
Data/images/train/Cars234.png,,,,,,
Data/images/train/Cars220.png,P065568S,0.8046876639127731,P065568S5,0.8094658984078301,,
Data/images/train/Cars208.png,V8,0.8833080232143402,V8,0.8889509439468384,V8,0.858332097530365
Data/images/train/Cars181.png,,,,,,
Data/images/train/Cars48.png,ALR486,0.8670867482821146,ALR486,0.8658546308676401,ALR486,0.8591011861960093
Data/images/train/Cars195.png,,,,,,
Data/images/train/Cars60.png,0A802ZHN,0.8173161521553993,0A802ZHN,0.8237414732575417,UAW80ZHN,0.8261429965496063
Data/images/train/Cars74.png,CZ7KO00,0.8184420721871513,CZ7KO00,0.8147676246506828,CZ7K00,0.8105613986651102
Data/images/train/Cars142.png,FIT,0.7662208080291748,FI,0.6453172266483307,,
Data/images/train/Cars156.png,PRIVATE,0.8518434677805219,PRIVATE,0.8541258658681598,PRVAYTE,0.7858402814183917
Data/images/train/Cars383.png,YIA,0.6955448786417643,Y,0.7455231547355652,,
Data/images/train/Cars397.png,,,,,,
Data/images/train/Cars426.png,CRAG,0.8723029941320419,CRAIG,0.8467737913131714,CRAG,0.8442836403846741
Data/images/train/Cars340.png,VX54FVL,0.8518147724015372,VX54FVL,0.8551246694156102,YI44FVL,0.7159208570207868
Data/images/train/Cars354.png,,,,,W,0.6386396288871765
Data/images/train/Cars432.png,DI49AK49,0.8683975785970688,DI49AK49,0.8656951859593391,0DI49AK494,0.7914275884628296
Data/images/train/Cars368.png,D13,0.8547385931015015,D13,0.8552295764287313,13,0.8514219522476196
Data/images/train/Cars369.png,15LK10898,0.8862825300958421,15LK10898,0.8860159516334534,15LK10898,0.8767301903830634
Data/images/train/Cars355.png,BKTP665,0.8882930704525539,BKTP665,0.8866631984710693,BKTP665,0.8838995524815151
Data/images/train/Cars427.png,,,,,,
Data/images/train/Cars341.png,TSTC268,0.7787419813019889,TSTC2868,0.7037645280361176,,
Data/images/train/Cars396.png,SAP3,0.7182571291923523,SAP7,0.6860691905021667,,
Data/images/train/Cars382.png,CRAG,0.8723029941320419,CRAIG,0.8467737913131714,CRAG,0.8442836403846741
Data/images/train/Cars157.png,PB,0.7048205435276031,P,0.7918300628662109,,
Data/images/train/Cars143.png,00,0.7321211397647858,0,0.8007938861846924,,
Data/images/train/Cars75.png,,,,,,
Data/images/train/Cars61.png,MMN306,0.9002578059832255,MMN306,0.9014839033285776,,
Data/images/train/Cars194.png,MWIVNW0W,0.7435819953680038,NMIAVNW0W,0.724267390039232,,
Data/images/train/Cars49.png,304861C,0.8712144494056702,304861C,0.8641030958720616,353461GC,0.7837599590420723
Data/images/train/Cars180.png,MPEACHW,0.9096515008381435,MPEACHW,0.909914995942797,MPEAC,0.8813262820243836
Data/images/train/Cars209.png,MWW,0.6950256625811259,MW0W,0.6649845242500305,,
Data/images/train/Cars221.png,,,A,0.626348078250885,,
Data/images/train/Cars235.png,GJ03JL0126,0.877411139011383,GJ03JL0126,0.8767658650875092,GJ03JL012768,0.8295130133628845
Data/images/train/Cars223.png,VHA634,0.8743078807989756,VHA634,0.8738549848397573,3,0.7371887564659119
Data/images/train/Cars237.png,0061LYR,0.8130427854401725,061LYR,0.7477931976318359,,
Data/images/train/Cars196.png,,,,,,
Data/images/train/Cars182.png,VI2LAF,0.8392857909202576,VI2LAF,0.8302761018276215,V2LAF,0.8504129409790039
Data/images/train/Cars77.png,R26CU6799,0.8698214822345309,R26CU6799,0.8690119981765747,R26CU067909,0.8333312002095309
Data/images/train/Cars63.png,BEIAGM,0.8365901907285055,BEIAGM,0.7691473364830017,M,0.8462939262390137
Data/images/train/Cars88.png,1,0.6164281368255615,1,0.6406624913215637,7,0.6763251423835754
Data/images/train/Cars155.png,MCB02W5,0.8269301312310355,MCB025,0.8699551522731781,,
Data/images/train/Cars141.png,0N,0.6586580574512482,0N,0.7157948911190033,,
Data/images/train/Cars169.png,PRIVATE,0.8518434677805219,PRIVATE,0.8541258658681598,PRVAYTE,0.7858402814183917
Data/images/train/Cars394.png,,,,,,
Data/images/train/Cars380.png,W718AX,0.8034004469712576,W718AX,0.8194347321987152,,
Data/images/train/Cars431.png,B055,0.892030343413353,B055,0.8951917588710785,B055,0.7548309713602066
Data/images/train/Cars357.png,,,,,W,0.6407595872879028
Data/images/train/Cars343.png,SKIPGAS,0.8520766581807818,SKIPGAS,0.8404457654271807,SAIPGA,0.839434802532196
Data/images/train/Cars425.png,G526JHD,0.8855171544211251,G526JHD,0.8859581351280212,G526JWHD,0.8709631264209747
Data/images/train/Cars419.png,MGHN149239,0.8728663980960846,MGHN149239,0.8723731756210327,WGHK19239,0.8372491664356656
Data/images/train/Cars418.png,0X65AWD,0.8975204144205365,0X65AWD,0.8923394680023193,0X65AWD,0.8628940497125898
Data/images/train/Cars342.png,MANISA,0.877228707075119,MANISA,0.874214788277944,MAN,0.7330804467201233
Data/images/train/Cars424.png,A03NG72184,0.7915765821933747,KA1I3NG7Z2184,0.7706388189242437,AI3NGZ21184,0.7836103330958973
Data/images/train/Cars430.png,BCG986,0.8693961600462595,BCG986,0.8723189830780029,BC6986,0.8541928033034006
Data/images/train/Cars356.png,BSMART2,0.9068281054496765,BSMART2,0.906377741268703,BSMART2,0.8789493441581726
Data/images/train/Cars381.png,20809563,0.8648727014660835,20809563,0.8625352382659912,2708953,0.7905069930212838
Data/images/train/Cars395.png,1CYAN8VY,0.8176701739430428,1CYAN8Y,0.8097766552652631,1,0.6009538173675537
Data/images/train/Cars168.png,,,,,,
Data/images/train/Cars140.png,CH01AN0001,0.8821597397327423,CH01AN0001,0.8822011530399323,CHWM01AN0001,0.8439061790704727
Data/images/train/Cars154.png,,,,,,
Data/images/train/Cars89.png,,,,,W,0.6611559391021729
Data/images/train/Cars62.png,WATTUCP,0.8587652104241508,WATTUCP,0.8611626029014587,U,0.8565911054611206
Data/images/train/Cars76.png,VHEA31RSS,0.8651807109514872,VHEA31RSS,0.8644174469841851,VHEA1RSS,0.8429920747876167
Data/images/train/Cars183.png,BRT000,0.8417020440101624,BRT000,0.8554936548074087,BRIT000,0.8282436387879508
Data/images/train/Cars197.png,LR33TEE,0.8638612372534615,LR33TEE,0.8681655441011701,LR33TEE,0.8776788711547852
Data/images/train/Cars236.png,,,,,,
Data/images/train/Cars222.png,26SPF4,0.8425568441549937,26SP4,0.8570278406143188,P,0.7132450938224792
